graph_id,nP,nE,nC,nD,use_ve,param,scale,jaccard,flipped,n_def_base,n_def_scaled,obj_scaled_opt,obj_scaled_base_strategy,optimality_regret
1,100,240,300,150,False,C_benefit,0.7,0.8276,5,26,27,2905.2178,2885.8739,0.006658
1,100,240,300,150,False,C_benefit,0.8,0.963,1,26,27,3749.4739,3744.1739,0.001414
1,100,240,300,150,False,C_benefit,0.9,0.963,1,26,27,4602.8739,4602.4739,8.7e-05
1,100,240,300,150,False,C_benefit,1.1,1.0,0,26,26,6319.0739,6319.0739,0.0
1,100,240,300,150,False,C_benefit,1.2,1.0,0,26,26,7177.3739,7177.3739,0.0
1,100,240,300,150,False,C_benefit,1.3,1.0,0,26,26,8035.6739,8035.6739,0.0
1,100,240,300,150,False,P_loss,0.7,0.8846,3,26,23,5902.7327,5812.1417,0.015347
1,100,240,300,150,False,P_loss,0.8,0.9231,2,26,24,5718.4591,5695.0191,0.004099
1,100,240,300,150,False,P_loss,0.9,0.9615,1,26,25,5582.6965,5577.8965,0.00086
1,100,240,300,150,False,P_loss,1.1,0.963,1,26,27,5348.7013,5343.6513,0.000944
1,100,240,300,150,False,P_loss,1.2,0.963,1,26,27,5241.1287,5226.5287,0.002786
1,100,240,300,150,False,P_loss,1.3,0.5135,18,26,30,5178.836,5109.4061,0.013406
1,100,240,300,150,False,D_cost,0.7,0.963,1,26,27,6056.8739,6046.0739,0.001783
1,100,240,300,150,False,D_cost,0.8,0.963,1,26,27,5856.6739,5850.9739,0.000973
1,100,240,300,150,False,D_cost,0.9,0.963,1,26,27,5656.4739,5655.8739,0.000106
1,100,240,300,150,False,D_cost,1.1,0.9615,1,26,25,5268.3739,5265.6739,0.000512
1,100,240,300,150,False,D_cost,1.2,0.8889,3,26,25,5082.5739,5070.5739,0.002361
1,100,240,300,150,False,D_cost,1.3,0.9231,2,26,24,4898.7239,4875.4739,0.004746
1,100,240,300,150,False,E_prob,0.7,0.8846,3,26,23,5882.3926,5776.7219,0.017964
1,100,240,300,150,False,E_prob,0.8,0.9231,2,26,24,5691.5532,5668.1132,0.004118
1,100,240,300,150,False,E_prob,0.9,0.9615,1,26,25,5567.6153,5562.8153,0.000862
1,100,240,300,150,False,E_prob,1.1,0.963,1,26,27,5368.4171,5366.0621,0.000439
1,100,240,300,150,False,E_prob,1.2,0.963,1,26,27,5298.8602,5290.1402,0.001646
1,100,240,300,150,False,E_prob,1.3,0.963,1,26,27,5233.3904,5218.7954,0.002789
2,100,240,300,150,False,C_benefit,0.7,0.925,3,38,39,1000.4199,981.9699,0.018442
2,100,240,300,150,False,C_benefit,0.8,0.925,3,38,39,1512.3199,1503.4699,0.005852
2,100,240,300,150,False,C_benefit,0.9,0.9487,2,38,38,2027.2199,2024.9699,0.00111
2,100,240,300,150,False,C_benefit,1.1,1.0,0,38,38,3067.9699,3067.9699,0.0
2,100,240,300,150,False,C_benefit,1.2,1.0,0,38,38,3589.4699,3589.4699,0.0
2,100,240,300,150,False,C_benefit,1.3,1.0,0,38,38,4110.9699,4110.9699,0.0
2,100,240,300,150,False,P_loss,0.7,1.0,0,38,38,2666.3289,2666.3289,0.0
2,100,240,300,150,False,P_loss,0.8,1.0,0,38,38,2626.3759,2626.3759,0.0
2,100,240,300,150,False,P_loss,0.9,1.0,0,38,38,2586.4229,2586.4229,0.0
2,100,240,300,150,False,P_loss,1.1,0.925,3,38,39,2509.7318,2506.5168,0.001281
2,100,240,300,150,False,P_loss,1.2,0.7174,13,38,41,2493.4342,2466.5638,0.010776
2,100,240,300,150,False,P_loss,1.3,0.7174,13,38,41,2479.3037,2426.6108,0.021253
2,100,240,300,150,False,D_cost,0.7,0.6809,15,38,41,3248.3951,3227.1699,0.006534
2,100,240,300,150,False,D_cost,0.8,0.9744,1,38,39,3001.8699,3000.2699,0.000533
2,100,240,300,150,False,D_cost,0.9,1.0,0,38,38,2773.3699,2773.3699,0.0
2,100,240,300,150,False,D_cost,1.1,0.9487,2,38,38,2319.7199,2319.5699,6.5e-05
2,100,240,300,150,False,D_cost,1.2,0.9487,2,38,38,2093.5199,2092.6699,0.000406
2,100,240,300,150,False,D_cost,1.3,0.9487,2,38,38,1867.3199,1865.7699,0.00083
2,100,240,300,150,False,E_prob,0.7,1.0,0,38,38,2664.6971,2664.6971,0.0
2,100,240,300,150,False,E_prob,0.8,1.0,0,38,38,2625.1326,2625.1326,0.0
2,100,240,300,150,False,E_prob,0.9,1.0,0,38,38,2585.7234,2585.7234,0.0
2,100,240,300,150,False,E_prob,1.1,0.925,3,38,39,2510.5865,2507.3715,0.001281
2,100,240,300,150,False,E_prob,1.2,0.7174,13,38,41,2493.2458,2468.4286,0.009954
2,100,240,300,150,False,E_prob,1.3,0.7174,13,38,41,2478.9976,2429.641,0.01991
3,100,240,300,150,False,C_benefit,0.7,0.9722,1,35,36,1355.2839,1351.9963,0.002426
3,100,240,300,150,False,C_benefit,0.8,0.9722,1,35,36,1928.9839,1929.6963,-0.000369
3,100,240,300,150,False,C_benefit,0.9,1.0,0,35,35,2507.3963,2507.3963,0.0
3,100,240,300,150,False,C_benefit,1.1,0.9444,2,35,35,3663.3163,3662.7963,0.000142
3,100,240,300,150,False,C_benefit,1.2,0.4255,27,35,32,4240.4351,4240.4963,-1.4e-05
3,100,240,300,150,False,C_benefit,1.3,0.4255,27,35,32,4829.8351,4818.1963,0.00241
3,100,240,300,150,False,P_loss,0.7,0.4444,25,35,30,3352.2395,3248.2674,0.031016
3,100,240,300,150,False,P_loss,0.8,0.4043,28,35,31,3240.9881,3193.877,0.014536
3,100,240,300,150,False,P_loss,0.9,0.4255,27,35,32,3148.1716,3139.4867,0.002759
3,100,240,300,150,False,P_loss,1.1,0.9722,1,35,36,3030.8223,3030.7059,3.8e-05
3,100,240,300,150,False,P_loss,1.2,0.9722,1,35,36,2985.2607,2976.3156,0.002996
3,100,240,300,150,False,P_loss,1.3,0.9722,1,35,36,2939.6991,2921.9252,0.006046
3,100,240,300,150,False,D_cost,0.7,0.7561,10,35,37,3743.5643,3729.4963,0.003758
3,100,240,300,150,False,D_cost,0.8,0.9722,1,35,36,3517.3839,3514.6963,0.000764
3,100,240,300,150,False,D_cost,0.9,1.0,0,35,35,3299.8963,3299.8963,0.0
3,100,240,300,150,False,D_cost,1.1,0.4255,27,35,32,2864.9351,2870.2963,-0.001871
3,100,240,300,150,False,D_cost,1.2,0.4255,27,35,32,2668.2351,2655.4963,0.004774
3,100,240,300,150,False,D_cost,1.3,0.4043,28,35,31,2471.8851,2440.6963,0.012617
3,100,240,300,150,False,E_prob,0.7,0.4043,28,35,31,3313.9238,3229.9869,0.025329
3,100,240,300,150,False,E_prob,0.8,0.4043,28,35,31,3222.7026,3179.9993,0.013251
3,100,240,300,150,False,E_prob,0.9,0.4255,27,35,32,3137.9272,3131.7216,0.001978
3,100,240,300,150,False,E_prob,1.1,0.9722,1,35,36,3039.5261,3040.0506,-0.000173
3,100,240,300,150,False,E_prob,1.2,0.9722,1,35,36,3004.074,2996.4975,0.002522
3,100,240,300,150,False,E_prob,1.3,0.8947,4,35,37,2967.677,2954.3361,0.004495
4,100,240,300,150,False,C_benefit,0.7,0.6098,16,31,35,3188.3444,3115.1999,0.022941
4,100,240,300,150,False,C_benefit,0.8,0.625,15,31,34,4026.8419,3980.9999,0.011384
4,100,240,300,150,False,C_benefit,0.9,0.641,14,31,33,4871.1819,4846.7999,0.005005
4,100,240,300,150,False,C_benefit,1.1,1.0,0,31,31,6578.3999,6578.3999,0.0
4,100,240,300,150,False,C_benefit,1.2,0.6757,12,31,31,7462.7212,7444.1999,0.002482
4,100,240,300,150,False,C_benefit,1.3,0.6757,12,31,31,8340.2212,8309.9999,0.003624
4,100,240,300,150,False,P_loss,0.7,0.6757,12,31,31,6077.1049,6047.8199,0.004819
4,100,240,300,150,False,P_loss,0.8,0.6757,12,31,31,5953.977,5936.0799,0.003006
4,100,240,300,150,False,P_loss,0.9,1.0,0,31,31,5824.3399,5824.3399,0.0
4,100,240,300,150,False,P_loss,1.1,0.625,15,31,34,5645.9261,5600.8599,0.007982
4,100,240,300,150,False,P_loss,1.2,0.6098,16,31,35,5584.2533,5489.1199,0.017036
4,100,240,300,150,False,P_loss,1.3,0.6098,16,31,35,5527.6077,5377.3799,0.027178
4,100,240,300,150,False,D_cost,0.7,0.625,15,31,34,6315.4139,6260.9999,0.008616
4,100,240,300,150,False,D_cost,0.8,0.5854,17,31,34,6107.8639,6078.1999,0.004857
4,100,240,300,150,False,D_cost,0.9,0.641,14,31,33,5918.5819,5895.3999,0.003917
4,100,240,300,150,False,D_cost,1.1,1.0,0,31,31,5529.7999,5529.7999,0.0
4,100,240,300,150,False,D_cost,1.2,1.0,0,31,31,5346.9999,5346.9999,0.0
4,100,240,300,150,False,D_cost,1.3,1.0,0,31,31,5164.1999,5164.1999,0.0
4,100,240,300,150,False,E_prob,0.7,0.6757,12,31,31,6050.6613,6019.4466,0.005159
4,100,240,300,150,False,E_prob,0.8,0.6757,12,31,31,5933.319,5913.9894,0.003258
4,100,240,300,150,False,E_prob,0.9,1.0,0,31,31,5811.6539,5811.6539,0.0
4,100,240,300,150,False,E_prob,1.1,0.625,15,31,34,5651.1342,5617.6961,0.005917
4,100,240,300,150,False,E_prob,1.2,0.6098,16,31,35,5593.7267,5530.7143,0.011265
4,100,240,300,150,False,E_prob,1.3,0.6098,16,31,35,5549.1902,5446.7349,0.018463
5,100,240,300,150,False,C_benefit,0.7,0.3571,36,37,39,2165.1528,2058.263,0.049368
5,100,240,300,150,False,C_benefit,0.8,0.3571,36,37,39,2941.0528,2872.663,0.023254
5,100,240,300,150,False,C_benefit,0.9,0.3571,36,37,39,3716.9528,3687.063,0.008041
5,100,240,300,150,False,C_benefit,1.1,0.6667,15,37,38,5316.687,5315.863,0.000155
5,100,240,300,150,False,C_benefit,1.2,0.6667,15,37,38,6132.987,6130.263,0.000444
5,100,240,300,150,False,C_benefit,1.3,0.6818,14,37,37,6952.387,6944.663,0.001111
5,100,240,300,150,False,P_loss,0.7,0.5909,18,37,33,4874.1804,4761.4241,0.023133
5,100,240,300,150,False,P_loss,0.8,0.5909,18,37,33,4713.7776,4674.7704,0.008275
5,100,240,300,150,False,P_loss,0.9,0.8947,4,37,35,4634.6745,4588.1167,0.010046
5,100,240,300,150,False,P_loss,1.1,0.3571,36,37,39,4459.0381,4414.8093,0.009919
5,100,240,300,150,False,P_loss,1.2,0.4528,29,37,40,4434.6435,4328.1556,0.024013
5,100,240,300,150,False,P_loss,1.3,0.4528,29,37,40,4413.8638,4241.5019,0.03905
5,100,240,300,150,False,D_cost,0.7,0.6957,14,37,41,5396.503,5334.263,0.011533
5,100,240,300,150,False,D_cost,0.8,0.6383,17,37,40,5093.787,5056.663,0.007288
5,100,240,300,150,False,D_cost,0.9,0.6383,17,37,40,4792.587,4779.063,0.002822
5,100,240,300,150,False,D_cost,1.1,0.4898,25,37,36,4226.203,4223.863,0.000554
5,100,240,300,150,False,D_cost,1.2,0.8947,4,37,35,4003.905,3946.263,0.014396
5,100,240,300,150,False,D_cost,1.3,0.8947,4,37,35,3742.705,3668.663,0.019783
5,100,240,300,150,False,E_prob,0.7,0.7073,12,37,33,4844.5788,4762.7527,0.01689
5,100,240,300,150,False,E_prob,0.8,0.8947,4,37,35,4742.6256,4675.7827,0.014094
5,100,240,300,150,False,E_prob,0.9,0.8947,4,37,35,4634.4391,4588.6861,0.009872
5,100,240,300,150,False,E_prob,1.1,0.3571,36,37,39,4458.3423,4414.1133,0.00992
5,100,240,300,150,False,E_prob,1.2,0.4528,29,37,40,4433.125,4326.6371,0.024021
5,100,240,300,150,False,E_prob,1.3,0.4528,29,37,40,4411.3963,4239.0343,0.039072
6,100,240,300,150,False,C_benefit,0.7,0.9737,1,37,38,2127.711,2156.281,-0.013428
6,100,240,300,150,False,C_benefit,0.8,1.0,0,37,37,2915.081,2915.081,0.0
6,100,240,300,150,False,C_benefit,0.9,1.0,0,37,37,3673.881,3673.881,0.0
6,100,240,300,150,False,C_benefit,1.1,1.0,0,37,37,5191.481,5191.481,0.0
6,100,240,300,150,False,C_benefit,1.2,1.0,0,37,37,5950.281,5950.281,0.0
6,100,240,300,150,False,C_benefit,1.3,0.7442,11,37,38,6693.3444,6709.081,-0.002351
6,100,240,300,150,False,P_loss,0.7,0.7805,9,37,36,4633.3111,4626.2767,0.001518
6,100,240,300,150,False,P_loss,0.8,1.0,0,37,37,4561.7448,4561.7448,0.0
6,100,240,300,150,False,P_loss,0.9,1.0,0,37,37,4497.2129,4497.2129,0.0
6,100,240,300,150,False,P_loss,1.1,1.0,0,37,37,4368.1491,4368.1491,0.0
6,100,240,300,150,False,P_loss,1.2,0.9737,1,37,38,4273.1732,4303.6172,-0.007124
6,100,240,300,150,False,P_loss,1.3,0.7111,13,37,40,4222.9295,4239.0853,-0.003826
6,100,240,300,150,False,D_cost,0.7,0.9737,1,37,38,5159.811,5185.681,-0.005014
6,100,240,300,150,False,D_cost,0.8,1.0,0,37,37,4934.681,4934.681,0.0
6,100,240,300,150,False,D_cost,0.9,1.0,0,37,37,4683.681,4683.681,0.0
6,100,240,300,150,False,D_cost,1.1,1.0,0,37,37,4181.681,4181.681,0.0
6,100,240,300,150,False,D_cost,1.2,1.0,0,37,37,3930.681,3930.681,0.0
6,100,240,300,150,False,D_cost,1.3,1.0,0,37,37,3679.681,3679.681,0.0
6,100,240,300,150,False,E_prob,0.7,0.7805,9,37,36,4624.0743,4617.5026,0.001421
6,100,240,300,150,False,E_prob,0.8,1.0,0,37,37,4555.0516,4555.0516,0.0
6,100,240,300,150,False,E_prob,0.9,1.0,0,37,37,4493.4436,4493.4436,0.0
6,100,240,300,150,False,E_prob,1.1,1.0,0,37,37,4372.7656,4372.7656,0.0
6,100,240,300,150,False,E_prob,1.2,0.9737,1,37,38,4284.0975,4313.6991,-0.00691
6,100,240,300,150,False,E_prob,1.3,0.9737,1,37,38,4233.1206,4255.4827,-0.005283
7,100,240,300,150,False,C_benefit,0.7,0.7297,10,31,33,1576.3019,1582.0897,-0.003672
7,100,240,300,150,False,C_benefit,0.8,0.7297,10,31,33,2212.9019,2245.8897,-0.014907
7,100,240,300,150,False,C_benefit,0.9,1.0,0,31,31,2909.6897,2909.6897,0.0
7,100,240,300,150,False,C_benefit,1.1,1.0,0,31,31,4237.2897,4237.2897,0.0
7,100,240,300,150,False,C_benefit,1.2,1.0,0,31,31,4901.0897,4901.0897,0.0
7,100,240,300,150,False,C_benefit,1.3,1.0,0,31,31,5564.8897,5564.8897,0.0
7,100,240,300,150,False,P_loss,0.7,0.4146,24,31,27,3909.3264,3840.3428,0.017646
7,100,240,300,150,False,P_loss,0.8,0.55,18,31,31,3758.6046,3751.3917,0.001919
7,100,240,300,150,False,P_loss,0.9,1.0,0,31,31,3662.4407,3662.4407,0.0
7,100,240,300,150,False,P_loss,1.1,1.0,0,31,31,3484.5386,3484.5386,0.0
7,100,240,300,150,False,P_loss,1.2,0.7778,8,31,33,3408.8798,3395.5876,0.003899
7,100,240,300,150,False,P_loss,1.3,0.6667,13,31,34,3322.4638,3306.6366,0.004764
7,100,240,300,150,False,D_cost,0.7,0.5455,20,31,37,4277.3718,4225.9897,0.012013
7,100,240,300,150,False,D_cost,0.8,0.5455,20,31,37,4024.2718,4008.4897,0.003922
7,100,240,300,150,False,D_cost,0.9,1.0,0,31,31,3790.9897,3790.9897,0.0
7,100,240,300,150,False,D_cost,1.1,1.0,0,31,31,3355.9897,3355.9897,0.0
7,100,240,300,150,False,D_cost,1.2,1.0,0,31,31,3138.4897,3138.4897,0.0
7,100,240,300,150,False,D_cost,1.3,1.0,0,31,31,2920.9897,2920.9897,0.0
7,100,240,300,150,False,E_prob,0.7,0.4634,22,31,29,3845.6006,3824.4518,0.005499
7,100,240,300,150,False,E_prob,0.8,1.0,0,31,31,3739.3564,3739.3564,0.0
7,100,240,300,150,False,E_prob,0.9,1.0,0,31,31,3655.7113,3655.7113,0.0
7,100,240,300,150,False,E_prob,1.1,1.0,0,31,31,3492.6645,3492.6645,0.0
7,100,240,300,150,False,E_prob,1.2,0.7778,8,31,33,3421.3654,3420.8151,0.000161
7,100,240,300,150,False,E_prob,1.3,0.6667,13,31,34,3351.4267,3353.1769,-0.000522
8,100,240,300,150,False,C_benefit,0.7,0.6522,16,37,39,1803.3598,1791.2999,0.006687
8,100,240,300,150,False,C_benefit,0.8,1.0,0,37,37,2486.4999,2486.4999,0.0
8,100,240,300,150,False,C_benefit,0.9,1.0,0,37,37,3181.6999,3181.6999,0.0
8,100,240,300,150,False,C_benefit,1.1,1.0,0,37,37,4572.0999,4572.0999,0.0
8,100,240,300,150,False,C_benefit,1.2,1.0,0,37,37,5267.2999,5267.2999,0.0
8,100,240,300,150,False,C_benefit,1.3,1.0,0,37,37,5962.4999,5962.4999,0.0
8,100,240,300,150,False,P_loss,0.7,1.0,0,37,37,4003.53,4003.53,0.0
8,100,240,300,150,False,P_loss,0.8,1.0,0,37,37,3961.3199,3961.3199,0.0
8,100,240,300,150,False,P_loss,0.9,1.0,0,37,37,3919.1099,3919.1099,0.0
8,100,240,300,150,False,P_loss,1.1,1.0,0,37,37,3834.6899,3834.6899,0.0
8,100,240,300,150,False,P_loss,1.2,1.0,0,37,37,3792.4799,3792.4799,0.0
8,100,240,300,150,False,P_loss,1.3,0.6522,16,37,39,3770.7177,3750.2699,0.005423
8,100,240,300,150,False,D_cost,0.7,0.9737,1,37,38,4679.5999,4672.7999,0.001453
8,100,240,300,150,False,D_cost,0.8,1.0,0,37,37,4407.4999,4407.4999,0.0
8,100,240,300,150,False,D_cost,0.9,1.0,0,37,37,4142.1999,4142.1999,0.0
8,100,240,300,150,False,D_cost,1.1,1.0,0,37,37,3611.5999,3611.5999,0.0
8,100,240,300,150,False,D_cost,1.2,1.0,0,37,37,3346.2999,3346.2999,0.0
8,100,240,300,150,False,D_cost,1.3,1.0,0,37,37,3080.9999,3080.9999,0.0
8,100,240,300,150,False,E_prob,0.7,1.0,0,37,37,4003.5299,4003.5299,0.0
8,100,240,300,150,False,E_prob,0.8,1.0,0,37,37,3961.3199,3961.3199,0.0
8,100,240,300,150,False,E_prob,0.9,1.0,0,37,37,3919.1099,3919.1099,0.0
8,100,240,300,150,False,E_prob,1.1,1.0,0,37,37,3834.6899,3834.6899,0.0
8,100,240,300,150,False,E_prob,1.2,1.0,0,37,37,3792.4799,3792.4799,0.0
8,100,240,300,150,False,E_prob,1.3,0.6522,16,37,39,3770.7179,3750.2699,0.005423
9,100,240,300,150,False,C_benefit,0.7,0.9143,3,33,34,1290.8193,1283.8294,0.005415
9,100,240,300,150,False,C_benefit,0.8,1.0,0,33,33,1986.4294,1986.4294,0.0
9,100,240,300,150,False,C_benefit,0.9,1.0,0,33,33,2689.0294,2689.0294,0.0
9,100,240,300,150,False,C_benefit,1.1,1.0,0,33,33,4094.2294,4094.2294,0.0
9,100,240,300,150,False,C_benefit,1.2,0.9143,3,33,34,4798.8294,4796.8294,0.000417
9,100,240,300,150,False,C_benefit,1.3,0.9143,3,33,34,5505.8294,5499.4294,0.001162
9,100,240,300,150,False,P_loss,0.7,0.5122,20,33,29,3704.5036,3614.6406,0.024258
9,100,240,300,150,False,P_loss,0.8,0.9697,1,33,32,3561.8051,3540.3035,0.006037
9,100,240,300,150,False,P_loss,0.9,1.0,0,33,33,3465.9664,3465.9664,0.0
9,100,240,300,150,False,P_loss,1.1,0.8889,4,33,35,3319.9323,3317.2923,0.000795
9,100,240,300,150,False,P_loss,1.2,0.7949,8,33,37,3278.2631,3242.9552,0.01077
9,100,240,300,150,False,P_loss,1.3,0.775,9,33,38,3232.0771,3168.6182,0.019634
9,100,240,300,150,False,D_cost,0.7,0.7949,8,33,37,4313.1193,4258.9294,0.012564
9,100,240,300,150,False,D_cost,0.8,0.7949,8,33,37,3990.3193,3969.8294,0.005135
9,100,240,300,150,False,D_cost,0.9,0.8889,4,33,35,3683.1294,3680.7294,0.000652
9,100,240,300,150,False,D_cost,1.1,1.0,0,33,33,3102.5294,3102.5294,0.0
9,100,240,300,150,False,D_cost,1.2,1.0,0,33,33,2813.4294,2813.4294,0.0
9,100,240,300,150,False,D_cost,1.3,1.0,0,33,33,2524.3294,2524.3294,0.0
9,100,240,300,150,False,E_prob,0.7,0.9697,1,33,32,3652.4542,3614.8708,0.01029
9,100,240,300,150,False,E_prob,0.8,0.9697,1,33,32,3561.6098,3540.4788,0.005933
9,100,240,300,150,False,E_prob,0.9,1.0,0,33,33,3466.065,3466.065,0.0
9,100,240,300,150,False,E_prob,1.1,0.8889,4,33,35,3319.812,3317.1721,0.000795
9,100,240,300,150,False,E_prob,1.2,0.7949,8,33,37,3278.001,3242.6931,0.010771
9,100,240,300,150,False,E_prob,1.3,0.775,9,33,38,3232.2987,3168.1923,0.019833
10,100,240,300,150,False,C_benefit,0.7,0.4783,24,35,33,1595.2981,1578.8767,0.010294
10,100,240,300,150,False,C_benefit,0.8,0.4783,24,35,33,2217.2981,2207.3767,0.004475
10,100,240,300,150,False,C_benefit,0.9,0.4783,24,35,33,2839.2981,2835.8767,0.001205
10,100,240,300,150,False,C_benefit,1.1,1.0,0,35,35,4092.8767,4092.8767,0.0
10,100,240,300,150,False,C_benefit,1.2,0.4792,25,35,36,4764.4329,4721.3767,0.009037
10,100,240,300,150,False,C_benefit,1.3,0.4792,25,35,36,5407.4329,5349.8767,0.010644
10,100,240,300,150,False,P_loss,0.7,0.5,23,35,34,3656.455,3576.1637,0.021959
10,100,240,300,150,False,P_loss,0.8,0.4783,24,35,33,3561.4385,3538.9014,0.006328
10,100,240,300,150,False,P_loss,0.9,0.4783,24,35,33,3511.3683,3501.639,0.002771
10,100,240,300,150,False,P_loss,1.1,1.0,0,35,35,3427.1144,3427.1144,0.0
10,100,240,300,150,False,P_loss,1.2,0.775,9,35,36,3391.66,3389.852,0.000533
10,100,240,300,150,False,P_loss,1.3,0.6222,17,35,38,3355.932,3352.5897,0.000996
10,100,240,300,150,False,D_cost,0.7,0.6222,17,35,38,4197.9784,4198.7767,-0.00019
10,100,240,300,150,False,D_cost,0.8,0.775,9,35,36,3954.5167,3953.9767,0.000137
10,100,240,300,150,False,D_cost,0.9,1.0,0,35,35,3709.1767,3709.1767,0.0
10,100,240,300,150,False,D_cost,1.1,0.4783,24,35,33,3235.4981,3219.5767,0.004921
10,100,240,300,150,False,D_cost,1.2,0.4783,24,35,33,3009.6981,2974.7767,0.011603
10,100,240,300,150,False,D_cost,1.3,0.5227,21,35,32,2785.6982,2729.9767,0.020003
10,100,240,300,150,False,E_prob,0.7,0.4468,26,35,33,3620.4973,3556.4277,0.017696
10,100,240,300,150,False,E_prob,0.8,0.4783,24,35,33,3552.3835,3524.3405,0.007894
10,100,240,300,150,False,E_prob,0.9,0.4783,24,35,33,3506.2366,3493.7166,0.003571
10,100,240,300,150,False,E_prob,1.1,1.0,0,35,35,3436.1417,3436.1417,0.0
10,100,240,300,150,False,E_prob,1.2,1.0,0,35,35,3408.8465,3408.8465,0.0
10,100,240,300,150,False,E_prob,1.3,1.0,0,35,35,3382.2185,3382.2185,0.0
